{
  "ai_model": "Hist Gradient Boosting",
  "ai_metrics": {
    "accuracy": 0.8133871540099361,
    "precision": 0.9688043478260869,
    "recall": 0.6945375204550768,
    "f1_score": 0.80905913856488
  },
  "rule_metrics": {
    "accuracy": 0.7636178140525195,
    "precision": 0.9668989547038328,
    "recall": 0.6054702719551157,
    "f1_score": 0.7446451674732857
  },
  "ai_recall_by_category": {
    "DoS": 0.8671581769436997,
    "Probe": 0.872366790582404,
    "R2L": 0.10987868284228769,
    "U2R": 0.22388059701492538
  },
  "rule_recall_by_category": {
    "DoS": 0.7710455764075067,
    "Probe": 0.7356464270962412,
    "R2L": 0.08110918544194108,
    "U2R": 0.04477611940298507
  },
  "test_size": 22544
}