{
  "Logistic Regression": {
    "metrics": {
      "accuracy": 0.7539478353442157,
      "precision": 0.9252860144758347,
      "recall": 0.6176264318553729,
      "f1_score": 0.7407822795457731,
      "roc_auc": 0.8714031729882243,
      "train_time": 0.9865593910217285,
      "pred_time": 0.0017304420471191406
    },
    "confusion_matrix": [
      [
        9071,
        640
      ],
      [
        4907,
        7926
      ]
    ]
  },
  "Decision Tree": {
    "metrics": {
      "accuracy": 0.7720014194464159,
      "precision": 0.9651711210545411,
      "recall": 0.6219122574612328,
      "f1_score": 0.756421192304047,
      "roc_auc": 0.8027244114834561,
      "train_time": 0.7031922340393066,
      "pred_time": 0.002896547317504883
    },
    "confusion_matrix": [
      [
        9423,
        288
      ],
      [
        4852,
        7981
      ]
    ]
  },
  "Random Forest": {
    "metrics": {
      "accuracy": 0.7730660042583393,
      "precision": 0.966961152123926,
      "recall": 0.6226135743785552,
      "f1_score": 0.7574895714827455,
      "roc_auc": 0.9729309676471503,
      "train_time": 6.663867473602295,
      "pred_time": 0.12570619583129883
    },
    "confusion_matrix": [
      [
        9438,
        273
      ],
      [
        4843,
        7990
      ]
    ]
  },
  "Gradient Boosting": {
    "metrics": {
      "accuracy": 0.7665454222853088,
      "precision": 0.9651019906610961,
      "recall": 0.6120158965167927,
      "f1_score": 0.749034380811597,
      "roc_auc": 0.961074880937453,
      "train_time": 35.86924624443054,
      "pred_time": 0.05045485496520996
    },
    "confusion_matrix": [
      [
        9427,
        284
      ],
      [
        4979,
        7854
      ]
    ]
  },
  "Hist Gradient Boosting": {
    "metrics": {
      "accuracy": 0.8133871540099361,
      "precision": 0.9688043478260869,
      "recall": 0.6945375204550768,
      "f1_score": 0.80905913856488,
      "roc_auc": 0.9703601423137558,
      "train_time": 6.073939323425293,
      "pred_time": 0.2024669647216797
    },
    "confusion_matrix": [
      [
        9424,
        287
      ],
      [
        3920,
        8913
      ]
    ]
  },
  "Neural Network (MLP)": {
    "metrics": {
      "accuracy": 0.7789655784244145,
      "precision": 0.9702851665468488,
      "recall": 0.6310293773864256,
      "f1_score": 0.7647197695830775,
      "roc_auc": 0.9359324901080485,
      "train_time": 15.640892744064331,
      "pred_time": 0.010834217071533203
    },
    "confusion_matrix": [
      [
        9463,
        248
      ],
      [
        4735,
        8098
      ]
    ]
  },
  "best_model": "Hist Gradient Boosting"
}