{
  "metrics": {
    "accuracy": 0.7636178140525195,
    "precision": 0.9668989547038328,
    "recall": 0.6054702719551157,
    "f1_score": 0.7446451674732857
  },
  "confusion_matrix": [
    [
      9445,
      266
    ],
    [
      5063,
      7770
    ]
  ]
}